Id,CreatedAt,IsActive,FullName,ProfilePhotoUrl,IsEmailConfirmed,LastLoginAt,UserName,NormalizedUserName,Email,NormalizedEmail,EmailConfirmed,PasswordHash,SecurityStamp,ConcurrencyStamp,PhoneNumber,PhoneNumberConfirmed,TwoFactorEnabled,LockoutEnd,LockoutEnabled,AccessFailedCount
902f189e-a682-4141-a5dd-05961f5287e1,2025-10-13T20:25:59.2066943,True,Test User 8,,True,,testuser_8_5094,TESTUSER_8_5094,testuser_8_8349@example.com,TESTUSER_8_8349@EXAMPLE.COM,True,AQAAAAIAAYagAAAAEBMyWHbji1Rl0HSPLbOYBpkKkytwljBpSSxfSUoAHuFtRijrxql2KLLhVbHA2/yXhg==,Z5WOEVDHALAACF7U5OW5YB2NQS6CJSJG,823d7de7-ce72-4a41-b9ae-874711919141,+1123456789885,False,False,,True,0
24a9ccaa-7526-4e0c-a665-05e21322d0f6,2025-10-13T20:22:18.2882205,True,Test User 2,,True,,testuser_2,TESTUSER_2,testuser_2@example.com,TESTUSER_2@EXAMPLE.COM,True,AQAAAAIAAYagAAAAEBUq5lFmxuPahhumkmaDnsZFiUuRZmB7GfC2FXWdPmxs0bI0A4PFXxOUfZiL85Mnnw==,TLBGZU7755V7CJ3L6KT4INSMD7I3VQOM,07d7b75c-59c6-4d6c-9f14-0f095c01ebbf,+11234567892,False,False,,True,0
794216af-e0a9-4dd5-a33d-08cf0eb45092,2025-10-13T20:26:04.3692233,True,Test User 2,,True,,testuser_2_3171,TESTUSER_2_3171,testuser_2_9193@example.com,TESTUSER_2_9193@EXAMPLE.COM,True,AQAAAAIAAYagAAAAECUYAuMbDtiXRSv4p3GspsuZ2lP9MSvYCKwWkURPSArISLdozlTquwTesz2BU/ZMzg==,APTHUR2BXOBN7YGMLB3VTJ72UNXBXDMQ,89af65fb-a566-4c29-8500-2ab84ca28c44,+1123456789223,False,False,,True,0
d49941f7-00a8-4abc-106c-08de0880772b,0001-01-01T00:00:00.0000000,True,Integration Test User,,True,2025-10-11T04:41:38.8362985,testuser,TESTUSER,test@example.com,TEST@EXAMPLE.COM,True,AQAAAAIAAYagAAAAEH5AAk2eV+RQ+gCbz7T51QX7jFLmuRy1TcrkpTsKNsD61qRG4h9BcpohTCmiOkcI/A==,XXIJMYILFI2AAF276K6VFQJH7YZINQAK,218871ef-77a4-4769-8991-a81debb51540,,False,False,,True,0
00e7cdb5-933a-48f5-9ca1-08fc8976fcc7,2025-10-13T20:26:19.0889885,True,Test User 9,,True,,testuser_9_4006,TESTUSER_9_4006,testuser_9_7636@example.com,TESTUSER_9_7636@EXAMPLE.COM,True,AQAAAAIAAYagAAAAEH2Gj3m1ZtzMhinmXQZW6kJvklHiDHZNBeIrtcTLTPMKqOrvjDNJZu2FDamrrB6B3Q==,WFV77TJV3Q6CYB64ZFL7L3Q7GM53BOAV,3d1027e0-ab86-4571-866a-1022fe0f6e31,+1123456789939,False,False,,True,0
aa7b3e9d-57d5-46e8-81f6-0aef51781440,2025-10-13T20:25:51.3982460,True,Test User 2,,True,,testuser_2_3820,TESTUSER_2_3820,testuser_2_7112@example.com,TESTUSER_2_7112@EXAMPLE.COM,True,AQAAAAIAAYagAAAAEBgEm0TquCATkJJ4ddtYP2vO/PLY2nMUM+3GX4lbiotunCXobksJvhF2i0LVh0GdsQ==,UU2MP53YGTRVCMPK5SHNZGPEFJHJUSAL,ef4e2068-1f7a-4d6f-8536-7b1e621394cf,+1123456789297,False,False,,True,0
6cabdaa2-b154-46d7-89d9-0ce5f9b68204,2025-10-13T20:25:57.9025610,True,Test User 7,,True,,testuser_7_6774,TESTUSER_7_6774,testuser_7_6368@example.com,TESTUSER_7_6368@EXAMPLE.COM,True,AQAAAAIAAYagAAAAEHCRVuw+2LpcngSopbDDQ2WYf1B20uq+qDXKRlhvFn5hF5GhpSaTbCDTHUVMyqLzLg==,63Z57QFTQUR55V4MBOO4VOIHZTKF7STB,dfddf720-2fbb-4959-913d-34f1c241f449,+1123456789735,False,False,,True,0
0b1a6efe-7338-4e2c-9bdc-15799e9ad9db,2025-10-13T20:26:13.3092651,True,Test User 2,,True,,testuser_2_1587,TESTUSER_2_1587,testuser_2_3394@example.com,TESTUSER_2_3394@EXAMPLE.COM,True,AQAAAAIAAYagAAAAEKiEtupAhpHRImzNDfOs46/zG585hSVVPGtLPeie7gx7HoRuvhZthAyBL6+e0PceOA==,JWWZFQHZZYTGYFRL4PLYH2T64K6CGM5K,8834b3a3-666d-40b5-aea5-b6aa6c65424f,+1123456789224,False,False,,True,0
42f5db1f-6cbb-4b04-b049-204f500b0946,2025-10-13T20:25:55.3698479,True,Test User 3,,True,,testuser_3_1790,TESTUSER_3_1790,testuser_3_3445@example.com,TESTUSER_3_3445@EXAMPLE.COM,True,AQAAAAIAAYagAAAAEMkKaaprNn7LhLIJGHeiy0fXMEzcKtIaVlA/663rKOSGf9jeVPGWLMtwnBibevT/LA==,V47W3VGWIZ7L7YCOEKUKR4U5J2KZGLT2,81a94f2b-a247-497c-96e1-8be41a90d2a1,+1123456789383,False,False,,True,0
2dfd8c23-8f20-4c8b-9e04-20d5b708ba32,2025-10-13T20:26:23.4903306,True,Test User 9,,True,,testuser_9_1444,TESTUSER_9_1444,testuser_9_8136@example.com,TESTUSER_9_8136@EXAMPLE.COM,True,AQAAAAIAAYagAAAAEMO6JhV7lus4daKZu7EHzdfsK4mnsrpVViuR6ismSNT+7OKulzLmxQm3XSvXo3Nr6g==,ZPL3UD4RIMDFDMXKQTHX6TU3EDWHCQOJ,b9d7a9b6-b564-43a1-9c52-51ee240c57a9,+1123456789956,False,False,,True,0
315b47eb-6384-40cd-bb39-220a4fc8b153,2025-10-13T20:26:20.3901523,True,Test User 5,,True,,testuser_5_6980,TESTUSER_5_6980,testuser_5_1671@example.com,TESTUSER_5_1671@EXAMPLE.COM,True,AQAAAAIAAYagAAAAEI46QReR6H6bWsVLMVqfS2CgDKe26lL7FfkkSmOV7JUN+V2NwGJ/P+d3/CZQZehHSA==,WKUW4OI62OPNUXNANYHO37T22CPLNZZK,70d784bf-b433-464b-b527-5cc1090b9a96,+1123456789564,False,False,,True,0
76b5f565-7cbe-4382-9bff-293ec54c25ab,2025-10-13T20:26:01.8051420,True,Test User 9,,True,,testuser_9_9594,TESTUSER_9_9594,testuser_9_2483@example.com,TESTUSER_9_2483@EXAMPLE.COM,True,AQAAAAIAAYagAAAAEASA4RJ3T2pm52DkFSbPXVKrPuaU5NRtCdeWNoB+sX6EXho48H4nQ0N3PurJs6WPMQ==,H56TLGZOE5MDDHEZE4LRH4UO3VVPJSPH,695bb6a5-4f62-44a8-9bdf-ff67e962847e,+1123456789947,False,False,,True,0
58702b50-1f8a-48ea-aa91-35680b8aded9,2025-10-13T20:26:12.0108898,True,Test User 7,,True,,testuser_7_6829,TESTUSER_7_6829,testuser_7_1901@example.com,TESTUSER_7_1901@EXAMPLE.COM,True,AQAAAAIAAYagAAAAEIIPc+dNh22+qS1ZUf9fklucEuUjc4+g6zDj6+3972z3hu8m78c2O14CFZ4vaOfCjw==,AX6CDSVWK7BRZONKKNC3BPNUDYP23OSC,2255583c-06cc-4759-a9e4-aac096214a7c,+1123456789750,False,False,,True,0
684e2db4-db4f-411b-8a2b-3817312f1f86,2025-10-13T20:16:08.6459923,True,Test User,,True,,testuser01,TESTUSER01,testuser01@example.com,TESTUSER01@EXAMPLE.COM,True,AQAAAAIAAYagAAAAELXRhvermAdM0eIDdnOeOxmVCgHpGUZUnyP7D7haeZgExufi7psBkqZgW39m94QZeA==,TJGYV6BG26DMRTAWXNXTTYNEYBLX6I3M,2b384a05-779f-439c-a7a2-0b54b41455da,+11234567890,False,False,,True,0
0f579b6a-7f1c-493b-b803-3aa09948eca6,2025-10-13T20:26:15.5821850,True,Test User 3,,True,,testuser_3_3658,TESTUSER_3_3658,testuser_3_2551@example.com,TESTUSER_3_2551@EXAMPLE.COM,True,AQAAAAIAAYagAAAAEOnilOnF8fFAH3Jgn2SOtgFGyKWj9KsHxiChyvRQ7LE+M15jBdOndZvfX+ox7Svygg==,DNMXC6N435M5QQ7EF2KHN6LR4WPWP6JJ,c1d35263-65a8-4643-a244-d366de249b85,+1123456789318,False,False,,True,0
70a51ab7-c09f-4efd-8566-416658c63dbf,2025-10-13T20:26:02.9417593,True,Test User 6,,True,,testuser_6_3156,TESTUSER_6_3156,testuser_6_8546@example.com,TESTUSER_6_8546@EXAMPLE.COM,True,AQAAAAIAAYagAAAAELBcelVOQwRjZ02mjMlZKJt/p6BKhya5CEVONfJq5o0V9Vk29DaI29t4l9JFFp1ZGQ==,INED572TAFU46QNDZG75P6UMVQW3ETYO,0742d005-7281-45d9-95a2-1b0fb88dced6,+1123456789693,False,False,,True,0
acd62536-7c95-43a4-9f41-44deeffbed3d,2025-10-13T20:25:55.9443300,True,Test User 1,,True,,testuser_1_2682,TESTUSER_1_2682,testuser_1_3070@example.com,TESTUSER_1_3070@EXAMPLE.COM,True,AQAAAAIAAYagAAAAEPgYglLRwO5eEhObpO1pTqEo9GVGb5KoVQcCOp2tDqXB2vsq5M2mq1EF/Qc8XawskA==,OOWMT4IWWJK6VJYGMYDXWHULAJHM5MB4,167360e9-70d7-4833-b7a2-c5d294fa911c,+1123456789197,False,False,,True,0
de5c9a3a-5bb8-4827-9ba7-4d3b53937997,2025-10-13T20:26:06.8545401,True,Test User 1,,True,,testuser_1_7524,TESTUSER_1_7524,testuser_1_3330@example.com,TESTUSER_1_3330@EXAMPLE.COM,True,AQAAAAIAAYagAAAAENVGeLZfRE/KC3Kdet5OdS1ibHkGYTio0cojlm+kkdk9vEadg7dUpNEj2dKqjBvdCw==,TX6XSJJMBXCWVSVUEOZR55FSRKDBZ3HG,cfb79f2b-1fde-4919-8bdc-4640fc1b1f1d,+1123456789163,False,False,,True,0
4f7eecb8-d814-4a3b-9c0a-4ebc2f900cc6,2025-10-13T20:25:56.7283488,True,Test User 6,,True,,testuser_6_6727,TESTUSER_6_6727,testuser_6_7871@example.com,TESTUSER_6_7871@EXAMPLE.COM,True,AQAAAAIAAYagAAAAEGTqjfS18Wree0LuKOEFQHMn0zgZKr/ZG1vhl3H4uRPvqvMsToTSyVu4RY5RL+bO+g==,AIHK67PWZJ6XHVPRXWIRKBHNJ2UEO2SP,7f117e80-9d61-496d-bfc9-7207aac13a0b,+1123456789698,False,False,,True,0
ce6a5ae8-3512-40e1-b6e4-4fba4f1cb752,2025-10-13T20:25:52.6591220,True,Test User 3,,True,,testuser_3_9091,TESTUSER_3_9091,testuser_3_2856@example.com,TESTUSER_3_2856@EXAMPLE.COM,True,AQAAAAIAAYagAAAAEE/QpAPahdTPwLQlF+fzmqWybhlsCvNwFZkqC/bveJIuGRcjmWDk2hC6Xo1hW2U2RA==,Q77K7CPRO4XYVHSMRZOOMJXOUUAWPQXX,b3d5b3b7-290b-4846-9429-c525899adfac,+1123456789340,False,False,,True,0
dd19f849-796c-400e-a7a7-5215b9517650,2025-10-13T20:22:20.2536049,True,Test User 4,,True,,testuser_4,TESTUSER_4,testuser_4@example.com,TESTUSER_4@EXAMPLE.COM,True,AQAAAAIAAYagAAAAELtNmNAfvVSUbyNrLbXf+P1xknBgdFBT2IdJG5wtZYF2PLHi85g6BvpEvi9ljhLOTg==,4P5NZJXU57URGZ6S5OTE6AI4L76554IC,0b544f27-125e-409f-96b6-3f3b1891c21f,+11234567894,False,False,,True,0
924d1fff-a8e7-4276-a2c9-5ef2a62dc83c,2025-10-13T20:26:20.3400240,True,Test User 7,,True,,testuser_7_6626,TESTUSER_7_6626,testuser_7_8360@example.com,TESTUSER_7_8360@EXAMPLE.COM,True,AQAAAAIAAYagAAAAENUfO4XfvHWou/2DHAowhZTWL90LWESdHefdAp0D3uURGK6pD5/iEUnCQOENWSwBBw==,AIVZPPEQNAB4L24DW446M3RAIBNVAVGW,0962ab5c-cb1c-492a-a745-e0f7a8afbab1,+1123456789768,False,False,,True,0
84d369ee-712b-45b5-be4f-6010f605570d,2025-10-13T20:26:14.3655505,True,Test User 9,,True,,testuser_9_2061,TESTUSER_9_2061,testuser_9_2463@example.com,TESTUSER_9_2463@EXAMPLE.COM,True,AQAAAAIAAYagAAAAEFBKPfWOHe0zEPynDEjChq32tYsFO1IUlfM8dG4xhpZGTcfDY5uYijCks3yu5n64Yg==,7OMDFD6FHXXT3VBOGRBRR3NLFPIRJN64,036c4cf9-daee-48e5-9719-78255cb4371c,+1123456789940,False,False,,True,0
4d0247ca-2274-4a13-a48b-6282d85907c7,2025-10-13T20:26:10.4045576,True,Test User 6,,True,,testuser_6_6777,TESTUSER_6_6777,testuser_6_8890@example.com,TESTUSER_6_8890@EXAMPLE.COM,True,AQAAAAIAAYagAAAAEBD6iE06J3Uhm5/e4wVjBl5uzdP9gp9bj02+M5G/cS3E7zZJvhcIcoy/EJ2h+jnehA==,MVUT6MM2ITD76E4ZSDVXMPLXY4ZGC4T2,29550144-abc1-4a44-a932-02285bad3795,+1123456789671,False,False,,True,0
b1ad86d0-cb5a-4273-b5ca-62a373ad08b1,2025-10-13T20:26:10.3422225,True,Test User 3,,True,,testuser_3_5675,TESTUSER_3_5675,testuser_3_3009@example.com,TESTUSER_3_3009@EXAMPLE.COM,True,AQAAAAIAAYagAAAAEGrnByqC0SdKIqkLMFFsRBT7SsAaVPVThcTOv2kGVq9U1rl6iuKtJxez6z9xwep8fg==,JKGHHRIRIEZO3B5YVOMC2DUTCDJXINCC,910a6594-7e03-49b8-b04b-6ebe4391a174,+1123456789396,False,False,,True,0
5b5a32e9-5a45-4c30-b37e-6a445046b1d2,2025-10-13T20:25:54.1302593,True,Test User 2,,True,,testuser_2_6321,TESTUSER_2_6321,testuser_2_7042@example.com,TESTUSER_2_7042@EXAMPLE.COM,True,AQAAAAIAAYagAAAAEJGkYMsFYkYyX1oQnyHV+OiQiwKSgH5sWASynuTdjjFJA+iqwGwEkCPmSyjVs2lkcQ==,5ZUSD3Y3TWHR7OTIFSLVXXJAWNYD6W24,965d70c9-0f96-4793-a8d4-2f59d042c9dd,+1123456789232,False,False,,True,0
fb4efbb5-4201-4d97-9fae-6a8d324475d3,2025-10-13T20:25:52.2268962,True,Test User 1,,True,,testuser_1_9666,TESTUSER_1_9666,testuser_1_1858@example.com,TESTUSER_1_1858@EXAMPLE.COM,True,AQAAAAIAAYagAAAAEGc+cuwW9WRBXZZ85tA0lgTVqU25ABayQ2dBl9ieP9mQ5DnCwTFOz6EeJ8YLwaCVsA==,LNDPJXL7WZWJ2BWQP2QDIHRKJPW4HRLW,390212a2-0ce4-4e1f-ba7c-1038399bd538,+1123456789152,False,False,,True,0
092e5d59-7ffd-4dff-98e5-6ad960d1ecaf,2025-10-13T20:25:53.5954157,True,Test User 4,,True,,testuser_4_1712,TESTUSER_4_1712,testuser_4_5371@example.com,TESTUSER_4_5371@EXAMPLE.COM,True,AQAAAAIAAYagAAAAEDM+UNr04gq5tllR9AxFDde4kFJY9F8uaXPNXkRLfpipXwxeEU5GKez9VKbcLBlL1A==,POGDYSSQACGMST5R2ZZED3XNTCD2V3RK,1627007c-96a5-44cd-9584-203f9c796660,+1123456789429,False,False,,True,0
de6a2328-29d1-4fbd-a002-6ff41d338744,2025-10-13T20:26:00.2129268,True,Test User 10,,True,,testuser_10_6947,TESTUSER_10_6947,testuser_10_2924@example.com,TESTUSER_10_2924@EXAMPLE.COM,True,AQAAAAIAAYagAAAAECHoNKgblpYuDKh0Uk+ylYWSgx+C9JLDmtAzkCimawJ7SkMVbB7jufJsh8/VPfEZnQ==,OFDGTM7P3XBWSYUWTXYCW3A5UACS3A3C,687acdcc-15ba-4a8a-97be-a832e07f318f,+11234567891059,False,False,,True,0
060953c2-7c3d-4b9e-abb0-70b6e7bf6afa,2025-10-13T20:26:07.3984473,True,Test User 10,,True,,testuser_10_8331,TESTUSER_10_8331,testuser_10_6714@example.com,TESTUSER_10_6714@EXAMPLE.COM,True,AQAAAAIAAYagAAAAEFKatmePua2uUMz5Txo3m29qem69ddkKRrF9msBbR3xd/7Pkg5LFfqs0G3y1GgxZZQ==,4UAYKRROQBRFU5EG2LXJZBBPYV2MS3XK,a017329e-e33e-4019-9dd0-988a55f6ca71,+11234567891046,False,False,,True,0
f9172268-65df-4da2-a046-72ec8a1b7638,2025-10-13T20:22:17.2716332,True,Test User 1,,True,,testuser_1,TESTUSER_1,testuser_1@example.com,TESTUSER_1@EXAMPLE.COM,True,AQAAAAIAAYagAAAAEB2wnhPwz7QKo3Dvw3/KpK5SVbc4lzybCG3yKJSpmUdnkp4LCn5P++ZxGUGTfPQhfg==,2UQYHHBQCCRM6O5IU3ZC6SOCBJYED6BD,2e951414-8979-4eb4-9a2d-776adf63679e,+11234567891,False,False,2025-10-17T02:23:32.4848779+00:00,True,0
d2d293ca-ab94-4cd4-a784-7ab9c4abb645,2025-10-13T20:26:15.4711536,True,Test User 5,,True,,testuser_5_5053,TESTUSER_5_5053,testuser_5_9985@example.com,TESTUSER_5_9985@EXAMPLE.COM,True,AQAAAAIAAYagAAAAEANv4ICljr1kqqRagDYr8mg2jiJ5bpuHnnzlSWzn8zohWlhlB3SS4qR/srrMASwyZQ==,42U7XNRYEER6FC7NKFZK5TWMCAPXVKVZ,9c8819c6-d2e2-4a74-81c0-2d4d6a5da3ce,+1123456789517,False,False,,True,0
213bc71d-2153-4b57-a3b2-7add338b44fb,2025-10-13T20:26:21.5556780,True,Test User 6,,True,,testuser_6_7407,TESTUSER_6_7407,testuser_6_3859@example.com,TESTUSER_6_3859@EXAMPLE.COM,True,AQAAAAIAAYagAAAAEB9UJiqg4ECI22toJaEIpTvsA4tT0pzxOsNuJx4miRgeQtnOB0WllKCcP5yGE6Mgjg==,3TK4U32XEQPEKSSZDOMVBYTIQ3Q5IDDG,ad89d23c-78df-432b-9adb-4ff918f21dc7,+1123456789634,False,False,,True,0
a958f2da-fb0e-43ce-9cae-8130ca73e728,2025-10-13T20:25:58.3944939,True,Test User 2,,True,,testuser_2_5260,TESTUSER_2_5260,testuser_2_6927@example.com,TESTUSER_2_6927@EXAMPLE.COM,True,AQAAAAIAAYagAAAAEIlHDIn78WbPGBbVGqG6ETD5rBU/SPu/1kFFpDih4kov+NxjO0uVEUpeluSVvU2pOg==,P2IV5IRHLXBNZF2VV2XV7TFMJMEHLJM6,d0b08fd0-9977-493a-a488-6261e81f253a,+1123456789263,False,False,,True,0
8e62e034-77f2-45c1-9ec4-995bb5a45310,2025-10-13T20:26:16.9487502,True,Test User 8,,True,,testuser_8_4895,TESTUSER_8_4895,testuser_8_7796@example.com,TESTUSER_8_7796@EXAMPLE.COM,True,AQAAAAIAAYagAAAAELLIDByFB+KOQI5sI/DJTudJzL+nvGAqYhZh8raVcuBi7ndX+CtoMmPkCduZyCNZlg==,63LBAEQH2JDU2HLLBTP44P4LN45AD3EH,f57e5e89-224b-41c8-91f2-4815024d4f42,+1123456789857,False,False,,True,0
deb7a30a-001e-467b-a932-9a15c410fd4f,2025-10-13T20:22:25.2687297,True,Test User 9,,True,,testuser_9,TESTUSER_9,testuser_9@example.com,TESTUSER_9@EXAMPLE.COM,True,AQAAAAIAAYagAAAAED5hdTlDrgdlzMuW6N7Yfomx6Ya1VfNtks/359XApj0OUjuvofb/F/YyMWv0HkyIfA==,AM2HDW2S6KUYE2ZHDQWYCC6XACN234OE,aab37511-86b6-45f9-8dd4-dec7a8d58143,+11234567899,False,False,,True,0
f55c3284-8280-48cc-af47-a4b51ff4b54c,2025-10-13T20:26:21.3546763,True,Test User 8,,True,,testuser_8_1887,TESTUSER_8_1887,testuser_8_6327@example.com,TESTUSER_8_6327@EXAMPLE.COM,True,AQAAAAIAAYagAAAAEMCHjVsPVuoPLkS0leYXgfrlDFeOxQNgruMZCisu5Y9ysF4VxFoJQm163xLETVxtGQ==,BIVGU2Y46LVOL3NYUR3TQQF3ECP7D57B,cc2f1c4c-e55f-41ae-89f0-10ae779b11e9,+1123456789886,False,False,,True,0
11763bea-d312-448d-8b4b-aa32efb45980,2025-10-13T20:22:23.2235328,True,Test User 7,,True,,testuser_7,TESTUSER_7,testuser_7@example.com,TESTUSER_7@EXAMPLE.COM,True,AQAAAAIAAYagAAAAEONQNNqICEWOX57z5uIHOA15PjYc4b8kSZP6rfARiaoY18pDL+1vDIJRf16GTM3GRQ==,BVWNKWU5EGB3EXX2A5VSVE6D47M5AZZA,55d9ca0a-7983-43b7-b52d-51b50c624238,+11234567897,False,False,,True,0
80cc9c7e-31b8-4fa1-bb61-aacf4c2a1165,2025-10-13T20:26:14.4264877,True,Test User 4,,True,,testuser_4_9639,TESTUSER_4_9639,testuser_4_7655@example.com,TESTUSER_4_7655@EXAMPLE.COM,True,AQAAAAIAAYagAAAAECEdgTpauHRE+CeDjqo4PaT0crlUh9aJPk2rq8NHC1+rIgMJ3iNzm/9mDm9oBu7dmQ==,C2LSNAA3BXRTS3WPTREPAF2VJO53JNXC,8a3b94d2-8abb-48a0-bc5a-45389d2b118c,+1123456789495,False,False,,True,0
4baba943-1632-485a-9a8a-acf7355ebd3b,2025-10-13T20:26:02.2883530,True,Test User 4,,True,,testuser_4_7592,TESTUSER_4_7592,testuser_4_8194@example.com,TESTUSER_4_8194@EXAMPLE.COM,True,AQAAAAIAAYagAAAAECeSd4VsO/hCioohWUl7hS6TUr2bncRjNUZUUMf/DMIk20xEgOUx3f8Q6/B6mv0aHA==,O4ZIVT3C5CEQ54WBYBXNR7PUUA7TK6YZ,db921b41-55a8-4f51-8111-2c644fa24bf6,+1123456789415,False,False,,True,0
9bd24c70-12b0-4609-9664-b5326f57fb7b,2025-10-13T20:22:24.2736679,True,Test User 8,,True,,testuser_8,TESTUSER_8,testuser_8@example.com,TESTUSER_8@EXAMPLE.COM,True,AQAAAAIAAYagAAAAEMQyDdqqSE0eIPGUeWc1cyWORFZ+Ml2y2lS4w6snIvF0tcansFaqt2j4ZaVkg5NR0Q==,W7INQSKRCHKNFM2E6N2O66YKRPH3WWJY,90fc6b0f-b276-4023-9121-b5ba7e9269f7,+11234567898,False,False,,True,0
d1756fb2-5d88-468f-b866-b9178c67bfae,2025-10-13T20:22:21.2116615,True,Test User 5,,True,,testuser_5,TESTUSER_5,testuser_5@example.com,TESTUSER_5@EXAMPLE.COM,True,AQAAAAIAAYagAAAAEPGSnhHLmf9QtJfMyfgh2b7QCdpRwwiTdT8TljRJPQuT4EGYUzROt7bvxP2SZhhUfQ==,Z73OVQ64N62SCQWCJSDMB7WW6H7WB4IG,bd8879a0-047a-4fdc-b00d-3db58d707f93,+11234567895,False,False,,True,0
d9b5317c-2bd3-48c6-86eb-beb49da59da7,2025-10-13T20:26:19.0361728,True,Test User 4,,True,,testuser_4_2493,TESTUSER_4_2493,testuser_4_5323@example.com,TESTUSER_4_5323@EXAMPLE.COM,True,AQAAAAIAAYagAAAAEONDZKZetTIJrg2jPqYds1YIW62g91QXBomI/4Lk0Wx54kCHirHSvsLKcciI4b/7WQ==,5NXWLFM3KGAMMKNDCSNBEXMX6CCPQ3Q4,236f2e6b-9349-4eac-941f-45a2c21eeca6,+1123456789430,False,False,,True,0
990201b4-a86a-4ac5-a7dc-c05514909a7d,2025-10-13T20:26:03.4642153,True,Test User 3,,True,,testuser_3_4485,TESTUSER_3_4485,testuser_3_4201@example.com,TESTUSER_3_4201@EXAMPLE.COM,True,AQAAAAIAAYagAAAAELo1nQ7bNxALFEoNYFFFim5Q44jsygg7hIT4bkmrhabl32ZSWkZNEloEHy0C59MVag==,32L42YZGI4WKMBYYZ2YU5XE4ODT755MO,94dd4336-c7af-4cbe-9710-881406cc91b7,+1123456789348,False,False,,True,0
535df0b4-a3fa-4753-bdcd-c135b34cae40,2025-10-13T20:26:12.7338877,True,Test User 10,,True,,testuser_10_9294,TESTUSER_10_9294,testuser_10_2571@example.com,TESTUSER_10_2571@EXAMPLE.COM,True,AQAAAAIAAYagAAAAEEoHvhN0/MG8cf8gwGnu1VVf8relcH1TBqo7a5XYNe03gHzXYwVv/QBc5K2buLsmFg==,YXJETKYJF22FG4VGY2O5R7224G2DOILV,71df3916-49a1-4f25-b656-346325fb25ac,+11234567891091,False,False,,True,0
334bcbef-5237-4a03-8e6f-c6a4f8cf218b,2025-10-13T20:26:06.0137739,True,Test User 8,,True,,testuser_8_5829,TESTUSER_8_5829,testuser_8_7084@example.com,TESTUSER_8_7084@EXAMPLE.COM,True,AQAAAAIAAYagAAAAEIacd+6J4f4zAQ5QIl2x+2tFPEqESyIEApaNRDPgycQUvn7kGVCfC3U2wtXiuN7v0Q==,M42LXJVDEOT2I7HDQKMC4MNTTGFBIA2O,9e59e1ed-12fe-4449-bca2-e72b5c8a857c,+1123456789839,False,False,,True,0
5d2deae2-663b-4ba2-98c6-ca76c6d86d09,2025-10-13T20:26:00.4943192,True,Test User 1,,True,,testuser_1_7883,TESTUSER_1_7883,testuser_1_6855@example.com,TESTUSER_1_6855@EXAMPLE.COM,True,AQAAAAIAAYagAAAAEMcehse8u3kMReiQJIDlrdnZ4jlDmlAE+WVb4ZhzOATL7jXMEv5495Bnl0woC8PxJQ==,WBTT3WOC7LY4OZD4WSB2OBFDZCW2ADBM,67ba14ed-ba9d-4a63-aad5-1a998e56834c,+1123456789186,False,False,,True,0
701ea0d5-324e-4f5e-a055-d19aed0add49,2025-10-13T20:26:05.2844860,True,Test User 7,,True,,testuser_7_5659,TESTUSER_7_5659,testuser_7_6512@example.com,TESTUSER_7_6512@EXAMPLE.COM,True,AQAAAAIAAYagAAAAEMlelmdqUmySRB9OHfxx6D/sUcM7+NEXerU2itGHZ665d0PJuRQD+tHhneDhnUqHLQ==,MNTXOL2O3L2NYLNEFY3622TJJGDPSD4Q,7fe9e15d-d092-420f-8b74-e9b399c10df4,+1123456789791,False,False,,True,0
3dc919fe-e42e-4249-98f0-d6db5ae0f4a8,2025-10-13T20:26:09.6599859,True,Test User 5,,True,,testuser_5_5815,TESTUSER_5_5815,testuser_5_7703@example.com,TESTUSER_5_7703@EXAMPLE.COM,True,AQAAAAIAAYagAAAAENKnrLSubHZ9ZJEn8uq1rsqTKpFxN8MU3gd3kqEThEPl5YSSVTWo+DYj0HXWGfWgQQ==,WDIHFB3XER2G2WELRPDCWRWAMUX2LRG3,927f3e87-d64d-40eb-b34f-0f6a478df0bc,+1123456789538,False,False,,True,0
f43e2781-ce21-4caf-9847-da4cca73b387,2025-10-13T20:25:50.3921068,True,Test User 1,,True,,testuser_1_5603,TESTUSER_1_5603,testuser_1_4812@example.com,TESTUSER_1_4812@EXAMPLE.COM,True,AQAAAAIAAYagAAAAENHSjrwEr+WZEDJvlECBcKwpY4HB+N0sYBAWd6jwDUTENQIjgfNeo8AybRPWkuAscA==,2Y67V2MCSJCGBZQWLU2WHJ2GDF546DLU,05f9122d-addf-4e55-8bed-2f0f01a3a5fb,+1123456789174,False,False,,True,0
805247a9-488e-4c05-8407-dbc6499d68f2,2025-10-17T02:15:04.7006588,True,Sunny Kumar,,False,2025-10-17T02:41:40.9385122,sunny01,SUNNY01,sunny01@example.com,SUNNY01@EXAMPLE.COM,True,AQAAAAIAAYagAAAAEAuAQUij1JJhWdOTxNqpmbiLFK9rVIe8S/m6LuLxs66YbQRTaO7N8KzhpvhutVWzbg==,MYTIFKMLIQOGIVR2CC4BT6P5FJT3QJFN,363f43ad-f8c9-4971-87ae-5c3ff1c85dbf,9876543210,False,False,,True,0
42f46ac1-19bb-4c7c-9d95-dc62d09e9ce9,2025-10-13T20:26:08.1909454,True,Test User 9,,True,,testuser_9_3378,TESTUSER_9_3378,testuser_9_1208@example.com,TESTUSER_9_1208@EXAMPLE.COM,True,AQAAAAIAAYagAAAAENjDDpOX69qHBNFUpylPbScQHHWjhOoZioRVi1HInqZ4x2dqAJreE/MVBXP9gj4aiQ==,A6Z46DNTKKNQROJSKSTNI3VIVI6QIU4F,a624368f-4553-47ca-86c0-4021f6214610,+1123456789946,False,False,,True,0
1c729c65-6c0c-4adc-b7c4-dd98a4f5aff5,2025-10-13T20:26:17.6926909,True,Test User 6,,True,,testuser_6_6335,TESTUSER_6_6335,testuser_6_6829@example.com,TESTUSER_6_6829@EXAMPLE.COM,True,AQAAAAIAAYagAAAAEHpnvRMLt+klx3rAOFiWiWxBrE4ddaySnHcTO230oR79O1NOoEHCRf4BwVVxDtvm8g==,GFXMCWZRJWBQ3FTPEGMGBUANFPJZIK3B,b17f5f54-7e1a-4500-8b2b-046b5a7adc6e,+1123456789642,False,False,,True,0
202a9d0a-b3f4-4494-980b-ddc919ca3b70,2025-10-13T20:26:09.0058570,True,Test User 4,,True,,testuser_4_2838,TESTUSER_4_2838,testuser_4_8841@example.com,TESTUSER_4_8841@EXAMPLE.COM,True,AQAAAAIAAYagAAAAEOKb/kdQ7dh0mjq+cak46lgz4PxAfTYh5pCXs1ZUKVGbmk3w3OF88BZBLtAO8ZRskw==,BITPHESJ237KCNRYZELJFMVP6OZDUGSC,6eabb403-586d-46bc-8fcf-ff09b10cf384,+1123456789413,False,False,,True,0
1f8e0b4d-45c6-4996-a1b7-e1a031128b44,2025-10-13T20:26:11.4774200,True,Test User 8,,True,,testuser_8_4507,TESTUSER_8_4507,testuser_8_2089@example.com,TESTUSER_8_2089@EXAMPLE.COM,True,AQAAAAIAAYagAAAAEBaqrkBZAnV26cOsWn4PyXCICRDjSP/RPoA3yHFxB0ie5mhzazi+zmzHKvBCq2d5NQ==,72JOU57R5POZD7FWRRILDI6FWGQFOBXL,ccd395ab-85e9-495b-9836-6091e0fcb5c4,+1123456789836,False,False,,True,0
cf1711a2-3b99-4005-b9bb-e218a8f6519b,2025-10-13T20:26:17.4108957,True,Test User 10,,True,,testuser_10_7799,TESTUSER_10_7799,testuser_10_7903@example.com,TESTUSER_10_7903@EXAMPLE.COM,True,AQAAAAIAAYagAAAAEGNxY6PBRIijrTwIjZcnd+UQ55TxQ2cN8DDKVXeFtqGbca4bZbwaXJ/bc0Icn8uXnw==,XQAQ47AXANIWRQIFYBVSYLDMDEB634NQ,aae7abed-b631-4de8-842f-2153cf58d32f,+11234567891048,False,False,,True,0
d768c5be-42f6-41e3-abb5-e88870d9cb52,2025-10-13T20:22:22.2558396,True,Test User 6,,True,,testuser_6,TESTUSER_6,testuser_6@example.com,TESTUSER_6@EXAMPLE.COM,True,AQAAAAIAAYagAAAAEOoQbKyiVfFWYR4e59Zv2YUMHJNaJjbhRhAgt8AOQTxl6MyWRTpFiaa8tECCNN5nfA==,SMXKCWQUOS5EWTPPPDU4FLERKACVDBF3,8c81be73-4077-4358-b561-f01714a7dd12,+11234567896,False,False,,True,0
cc757871-d04b-4d28-a1b9-ea6c84ce5f6c,2025-10-13T20:25:56.9578450,True,Test User 5,,True,,testuser_5_7736,TESTUSER_5_7736,testuser_5_2075@example.com,TESTUSER_5_2075@EXAMPLE.COM,True,AQAAAAIAAYagAAAAEIDe5ik3gkoF9mIkX1ZoH/g+tHbY86CyzqQwmiOHOvzL9wVlaV7qjT1x5Km2ci+o3Q==,4B6OLA4IECFQWMDUON6RK65V65NFKQ4O,fb6463e9-6e65-4f01-a289-7d133f4958bc,+1123456789533,False,False,,True,0
c4040883-b9f0-46c5-9237-ec180f286c46,2025-10-13T20:26:21.6359123,True,Test User 10,,True,,testuser_10_3334,TESTUSER_10_3334,testuser_10_5266@example.com,TESTUSER_10_5266@EXAMPLE.COM,True,AQAAAAIAAYagAAAAEN8mL8MIkNISmg31cPb3ftgezsj1vuNXaSpu1RhPbRpihy+GOYhYXUJuvbzzXMF9wg==,OC5SAYP5IJ77CNVCRWZHTFI3QA7RAYDO,e2177637-4fce-459a-a4bb-1150f9ec9a45,+11234567891045,False,False,,True,0
017d5a17-f4b7-4964-b1e7-f671b9fa7043,2025-10-13T20:26:16.0966180,True,Test User 7,,True,,testuser_7_2586,TESTUSER_7_2586,testuser_7_2908@example.com,TESTUSER_7_2908@EXAMPLE.COM,True,AQAAAAIAAYagAAAAENgP8FHtyn/wqaQgrRFAmm6PjWiNB0t594GQgu6tkiRTNZxqUKaWGr3dF8Uvy2MqeQ==,6R3NMRI43IQ2MFOUIGUTDZYV3F5WLNUR,410a72e7-a4a9-455d-a02b-707790996047,+1123456789769,False,False,,True,0
c4b75b3e-56c0-446c-8c8b-f907e638855c,2025-10-13T20:22:19.2303195,True,Test User 3,,True,,testuser_3,TESTUSER_3,testuser_3@example.com,TESTUSER_3@EXAMPLE.COM,True,AQAAAAIAAYagAAAAEBDEOdkwmGnbrpP+lQK7oD+5SAbsDGUxdEG5KBr6AT0GC5teA7nQdiAbx1XKKQhtnw==,FTOHZZQGI6QHX7BYO7ILNTVJGPPRSE3Y,120ffe84-b2e3-4caa-9d46-4b5a78a9513b,+11234567893,False,False,,True,0
fd614444-cd29-4a03-8a4a-f949e08202e0,2025-10-13T20:26:03.6949142,True,Test User 5,,True,,testuser_5_7830,TESTUSER_5_7830,testuser_5_9257@example.com,TESTUSER_5_9257@EXAMPLE.COM,True,AQAAAAIAAYagAAAAEDOWB1WLwSQjolcnBsTZNe14C9COOkvBH+m+W198vKNuQbq2wXhYgRqEYeUAUAH5ag==,3SJCVDNG5SOW3Q3PERFSJRIRW5EIFRDF,ffdb0599-39e2-4397-8a41-fa2afc02b1df,+1123456789581,False,False,,True,0
2657d736-7984-4305-acb2-fb446428c64a,2025-10-13T20:22:26.2215682,True,Test User 10,,True,,testuser_10,TESTUSER_10,testuser_10@example.com,TESTUSER_10@EXAMPLE.COM,True,AQAAAAIAAYagAAAAEPr45yFwkS2nBXqfNU4z9v/CEKDeuyuuGR2LEWcSwU4fPJo6G0KCs8AENodHAV6vMg==,BGZJ7XEJFHMFUF333F7TSK3PUAGISI3O,49775506-d38f-4ecf-893e-a98876fa7236,+112345678910,False,False,,True,0